"","date","pce_serv","pce_nondur","pce_price_index","pop","nom_dpi","nom_pce_serv_nondur","real_serv_nondur","real_dpi","real_serv_nondur_pc_lag0","real_serv_nondur_pc_lag1","real_serv_nondur_pc_lag2","real_serv_nondur_pc_lag3","real_serv_nondur_pc_lag4","real_dpi_pc_lag0","real_dpi_pc_lag1","real_dpi_pc_lag2","real_dpi_pc_lag3","real_dpi_pc_lag4"
"1",1960-01-01,151.304,129.605,15.435,116707.666666667,371.333333333333,280.909,1819.94816974409,2405.78771191016,15594.0755369749,NA,NA,NA,NA,20613.7932547433,NA,NA,NA,NA
"2",1960-04-01,153.813,131.961,15.515,117036.666666667,375.733333333333,285.774,1841.92072188205,2421.74239982812,15737.9800223467,15594.0755369749,NA,NA,NA,20692.1682648867,20613.7932547433,NA,NA,NA
"3",1960-07-01,154.623,131.58,15.574,117411,377.833333333333,286.203,1837.69744445871,2426.05196695347,15651.8336821824,15737.9800223467,15594.0755369749,NA,NA,20662.9018316297,20692.1682648867,20613.7932547433,NA,NA
"4",1960-10-01,156.921,132.413,15.642,117824.333333333,379.366666666667,289.334,1849.72509909219,2425.30793163705,15699.0075544004,15651.8336821824,15737.9800223467,15594.0755369749,NA,20584.1006099791,20662.9018316297,20692.1682648867,20613.7932547433,NA
"5",1961-01-01,158.878,133.401,15.671,118254.333333333,383.633333333333,292.279,1865.09476102355,2448.04628507009,15771.8935826753,15699.0075544004,15651.8336821824,15737.9800223467,15594.0755369749,20701.5355468588,20584.1006099791,20662.9018316297,20692.1682648867,20613.7932547433
"6",1961-04-01,161.891,134.245,15.67,118636,389.433333333333,296.136,1889.82769623484,2485.21591150819,15929.6309403119,15771.8935826753,15699.0075544004,15651.8336821824,15737.9800223467,20948.2443061818,20701.5355468588,20584.1006099791,20662.9018316297,20692.1682648867
"7",1961-07-01,163.156,134.596,15.726,119000.666666667,396.033333333333,297.752,1893.37403026835,2518.33481707576,15910.6170015995,15929.6309403119,15771.8935826753,15699.0075544004,15651.8336821824,21162.3588977856,20948.2443061818,20701.5355468588,20584.1006099791,20662.9018316297
"8",1961-10-01,166.742,136.167,15.743,119189.666666667,404.166666666667,302.909,1924.0868957632,2567.27857883927,16143.0680156546,15910.6170015995,15929.6309403119,15771.8935826753,15699.0075544004,21539.4392033924,21162.3588977856,20948.2443061818,20701.5355468588,20584.1006099791
"9",1962-01-01,169.287,137.832,15.811,119378.666666667,409.933333333333,307.119,1942.43880842451,2592.70971686379,16271.2389295506,16143.0680156546,15910.6170015995,15929.6309403119,15771.8935826753,21718.3671861845,21539.4392033924,21162.3588977856,20948.2443061818,20701.5355468588
"10",1962-04-01,172.666,138.745,15.867,119819.333333333,415.833333333333,311.411,1962.63313795929,2620.74326169618,16379.9370548934,16271.2389295506,16143.0680156546,15910.6170015995,15929.6309403119,21872.4573805244,21718.3671861845,21539.4392033924,21162.3588977856,20948.2443061818
"11",1962-07-01,174.806,139.96,15.91,120368,419.2,314.766,1978.41609050911,2634.82086737901,16436.3958071008,16379.9370548934,16271.2389295506,16143.0680156546,15910.6170015995,21889.7121110179,21872.4573805244,21718.3671861845,21539.4392033924,21162.3588977856
"12",1962-10-01,177.594,141.477,15.958,121045.666666667,424.2,319.071,1999.44228600075,2658.22784810127,16518.0823160467,16436.3958071008,16379.9370548934,16271.2389295506,16143.0680156546,21960.5370543453,21889.7121110179,21872.4573805244,21718.3671861845,21539.4392033924
"13",1963-01-01,179.236,142.458,16.004,121640,429.1,321.694,2010.08497875531,2681.20469882529,16524.8682896688,16518.0823160467,16436.3958071008,16379.9370548934,16271.2389295506,22042.1300462454,21960.5370543453,21889.7121110179,21872.4573805244,21718.3671861845
"14",1963-04-01,181.728,142.803,16.029,122166.666666667,433.733333333333,324.531,2024.64907355418,2705.9288373157,16572.8437125854,16524.8682896688,16518.0823160467,16436.3958071008,16379.9370548934,22149.4857079048,22042.1300462454,21960.5370543453,21889.7121110179,21872.4573805244
"15",1963-07-01,185.526,145.166,16.107,122669.666666667,440.6,330.692,2053.0949276712,2735.45663376172,16736.7775869981,16572.8437125854,16524.8682896688,16518.0823160467,16436.3958071008,22299.3728449173,22149.4857079048,22042.1300462454,21960.5370543453,21889.7121110179
"16",1963-10-01,189.031,145.279,16.166,123188.666666667,449.433333333333,334.31,2067.98218483236,2780.11464390284,16787.1139512214,16736.7775869981,16572.8437125854,16524.8682896688,16518.0823160467,22567.9416713348,22299.3728449173,22149.4857079048,22042.1300462454,21960.5370543453
"17",1964-01-01,192.935,148.651,16.243,123708,460.4,341.586,2102.97358862279,2834.45176383673,16999.4954944126,16787.1139512214,16736.7775869981,16572.8437125854,16524.8682896688,22912.4370601475,22567.9416713348,22299.3728449173,22149.4857079048,22042.1300462454
"18",1964-04-01,196.604,151.455,16.278,124203,473.833333333333,348.059,2138.2172257034,2910.88176270631,17215.5038582273,16999.4954944126,16787.1139512214,16736.7775869981,16572.8437125854,23436.4851308448,22912.4370601475,22567.9416713348,22299.3728449173,22149.4857079048
"19",1964-07-01,200.168,154.877,16.331,124739.333333333,481.566666666667,355.045,2174.05547731309,2948.78860245341,17428.7886524412,17215.5038582273,16999.4954944126,16787.1139512214,16736.7775869981,23639.6052764972,23436.4851308448,22912.4370601475,22567.9416713348,22299.3728449173
"20",1964-10-01,203.811,155.8,16.385,125289,488.633333333333,359.611,2194.75740006103,2982.19916590377,17517.5586049935,17428.7886524412,17215.5038582273,16999.4954944126,16787.1139512214,23802.5618043386,23639.6052764972,23436.4851308448,22912.4370601475,22567.9416713348
"21",1965-01-01,207.035,157.76,16.438,125814,496.033333333333,364.795,2219.21766638277,3017.60149247678,17638.8769642708,17517.5586049935,17428.7886524412,17215.5038582273,16999.4954944126,23984.6240678842,23802.5618043386,23639.6052764972,23436.4851308448,22912.4370601475
"22",1965-04-01,211.056,160.768,16.522,126324.666666667,504.133333333333,371.824,2250.47815034499,3051.28515514667,17815.0333559426,17638.8769642708,17517.5586049935,17428.7886524412,17215.5038582273,24154.3099670163,23984.6240678842,23802.5618043386,23639.6052764972,23436.4851308448
"23",1965-07-01,215.035,164.069,16.583,126745,519.866666666667,379.104,2286.10022312006,3134.93738567609,18037.0051924736,17815.0333559426,17638.8769642708,17517.5586049935,17428.7886524412,24734.2095205025,24154.3099670163,23984.6240678842,23802.5618043386,23639.6052764972
"24",1965-10-01,220.065,170.545,16.634,127169.333333333,531.966666666667,390.61,2348.26259468558,3198.06821369885,18465.6358033298,18037.0051924736,17815.0333559426,17638.8769642708,17517.5586049935,25148.1086663885,24734.2095205025,24154.3099670163,23984.6240678842,23802.5618043386
"25",1966-01-01,223.73,174.094,16.763,127511.333333333,541.366666666667,397.824,2373.22674938853,3229.53329754022,18611.8887423487,18465.6358033298,18037.0051924736,17815.0333559426,17638.8769642708,25327.42159552,25148.1086663885,24734.2095205025,24154.3099670163,23984.6240678842
"26",1966-04-01,228.23,177.238,16.899,127868.666666667,547.233333333333,405.468,2399.36090892952,3238.25867408328,18764.26001363,18611.8887423487,18465.6358033298,18037.0051924736,17815.0333559426,25324.8802736397,25327.42159552,25148.1086663885,24734.2095205025,24154.3099670163
"27",1966-07-01,232.198,179.77,17.028,128233.666666667,558.133333333333,411.968,2419.35635424008,3277.73862657584,18866.7798178851,18764.26001363,18611.8887423487,18465.6358033298,18037.0051924736,25560.6714818197,25324.8802736397,25327.42159552,25148.1086663885,24734.2095205025
"28",1966-10-01,237.04,180.394,17.16,128617,569.066666666667,417.434,2432.59906759907,3316.23931623932,18913.5111812518,18866.7798178851,18764.26001363,18611.8887423487,18465.6358033298,25783.8335230904,25560.6714818197,25324.8802736397,25327.42159552,25148.1086663885
"29",1967-01-01,240.841,182.375,17.209,129043.666666667,579.333333333333,423.216,2459.27131152304,3366.4555368315,19057.6676488556,18913.5111812518,18866.7798178851,18764.26001363,18611.8887423487,26087.723820863,25783.8335230904,25560.6714818197,25324.8802736397,25327.42159552
"30",1967-04-01,244.953,184.021,17.291,129527,586.7,428.974,2480.90914348505,3393.09467352958,19153.6061476376,19057.6676488556,18913.5111812518,18866.7798178851,18764.26001363,26196.0415475506,26087.723820863,25783.8335230904,25560.6714818197,25324.8802736397
"31",1967-07-01,250.241,185.777,17.452,130165.666666667,597.733333333333,436.018,2498.38413935366,3425.01337000535,19193.8796407167,19153.6061476376,19057.6676488556,18913.5111812518,18866.7798178851,26312.7248353151,26196.0415475506,26087.723820863,25783.8335230904,25560.6714818197
"32",1967-10-01,254.743,187.864,17.602,130757.333333333,607.266666666667,442.607,2514.52675832292,3449.98674393061,19230.4836311762,19193.8796407167,19153.6061476376,19057.6676488556,18913.5111812518,26384.6520572252,26312.7248353151,26196.0415475506,26087.723820863,25783.8335230904
"33",1968-01-01,261.903,193.535,17.789,131267,623.966666666667,455.438,2560.22260947777,3507.5983285551,19503.9317534321,19230.4836311762,19193.8796407167,19153.6061476376,19057.6676488556,26721.0976753876,26384.6520572252,26312.7248353151,26196.0415475506,26087.723820863
"34",1968-04-01,269.161,197.769,17.971,131712.333333333,640.666666666667,466.93,2598.24161148517,3565.00287500232,19726.6386960864,19503.9317534321,19230.4836311762,19193.8796407167,19153.6061476376,27066.5835520514,26721.0976753876,26384.6520572252,26312.7248353151,26196.0415475506
"35",1968-07-01,275.736,202.841,18.157,132250,649.4,478.577,2635.77132786253,3576.58203447706,19930.217980057,19726.6386960864,19503.9317534321,19230.4836311762,19193.8796407167,27044.0985593729,27066.5835520514,26721.0976753876,26384.6520572252,26312.7248353151
"36",1968-10-01,282.144,205.007,18.358,132880,661.666666666667,487.151,2653.61695173766,3604.24156589316,19970.0252237934,19930.217980057,19726.6386960864,19503.9317534321,19230.4836311762,27124.0334579558,27044.0985593729,27066.5835520514,26721.0976753876,26384.6520572252
"37",1969-01-01,288.161,208.834,18.536,133476,669.766666666667,496.995,2681.24190763919,3613.32901740757,20087.8203395306,19970.0252237934,19930.217980057,19726.6386960864,19503.9317534321,27071.0016587819,27124.0334579558,27044.0985593729,27066.5835520514,26721.0976753876
"38",1969-04-01,295.673,212.216,18.772,134020.333333333,684.966666666667,507.889,2705.56680161943,3648.87420981604,20187.7337141834,20087.8203395306,19970.0252237934,19930.217980057,19726.6386960864,27226.2732009524,27071.0016587819,27124.0334579558,27044.0985593729,27066.5835520514
"39",1969-07-01,302.01,215.988,19.002,134595,707.5,517.998,2726.0183138617,3723.29228502263,20253.4887169783,20187.7337141834,20087.8203395306,19970.0252237934,19930.217980057,27662.9316469604,27226.2732009524,27071.0016587819,27124.0334579558,27044.0985593729
"40",1969-10-01,309.998,219.744,19.221,135246.666666667,721.133333333333,529.742,2756.05847770667,3751.79924735099,20378.0140807414,20253.4887169783,20187.7337141834,20087.8203395306,19970.0252237934,27740.4193376373,27662.9316469604,27226.2732009524,27071.0016587819,27124.0334579558
"41",1970-01-01,317.59,224.484,19.444,135949.666666667,737.166666666667,542.074,2787.8728656655,3791.22951381746,20506.654661398,20378.0140807414,20253.4887169783,20187.7337141834,20087.8203395306,27887.0085287751,27740.4193376373,27662.9316469604,27226.2732009524,27071.0016587819
"42",1970-04-01,324.016,226.548,19.659,136676.666666667,754.5,550.564,2800.56971361717,3837.93682282924,20490.4742112809,20506.654661398,20378.0140807414,20253.4887169783,20187.7337141834,28080.4098931486,27887.0085287751,27740.4193376373,27662.9316469604,27226.2732009524
"43",1970-07-01,331.755,229.716,19.851,137456,774.033333333333,561.471,2828.42677950733,3899.21582455964,20576.961205821,20490.4742112809,20506.654661398,20378.0140807414,20253.4887169783,28367.0107129528,28080.4098931486,27887.0085287751,27740.4193376373,27662.9316469604
"44",1970-10-01,338.361,234.475,20.108,138260.333333333,782.2,572.836,2848.79649890591,3889.99403222598,20604.5828924607,20576.961205821,20490.4742112809,20506.654661398,20378.0140807414,28135.286082723,28367.0107129528,28080.4098931486,27887.0085287751,27740.4193376373
"45",1971-01-01,345.307,235.828,20.299,139033.666666667,805.333333333333,581.135,2862.87501847382,3967.3547136969,20591.2358287836,20604.5828924607,20576.961205821,20490.4742112809,20506.654661398,28535.2088369261,28135.286082723,28367.0107129528,28080.4098931486,27887.0085287751
"46",1971-04-01,353.404,238.832,20.53,139827.333333333,826.366666666667,592.236,2884.73453482708,4025.16642312064,20630.6911964786,20591.2358287836,20604.5828924607,20576.961205821,20490.4742112809,28786.6923237753,28535.2088369261,28135.286082723,28367.0107129528,28080.4098931486
"47",1971-07-01,361.732,240.424,20.732,140602.666666667,838.8,602.156,2904.4761721011,4045.9193517268,20657.3334699752,20630.6911964786,20591.2358287836,20604.5828924607,20576.961205821,28775.5520406924,28786.6923237753,28535.2088369261,28135.286082723,28367.0107129528
"48",1971-10-01,370.843,243.595,20.86,141401.666666667,853.833333333333,614.438,2945.53211888782,4093.16075423458,20830.9575716068,20657.3334699752,20630.6911964786,20591.2358287836,20604.5828924607,28947.0474480587,28775.5520406924,28786.6923237753,28535.2088369261,28135.286082723
"49",1972-01-01,381.204,247.04,21.08,143005.333333333,866.766666666667,628.244,2980.28462998102,4111.7963314358,20840.3739952428,20830.9575716068,20657.3334699752,20630.6911964786,20591.2358287836,28752.7481359842,28947.0474480587,28775.5520406924,28786.6923237753,28535.2088369261
"50",1972-04-01,388.996,254.302,21.202,143758.666666667,880.833333333333,643.298,3034.13828884068,4154.48228154577,21105.7765016417,20840.3739952428,20830.9575716068,20657.3334699752,20630.6911964786,28899.0039896431,28752.7481359842,28947.0474480587,28775.5520406924,28786.6923237753
"51",1972-07-01,398.123,260.084,21.388,144522.666666667,905.866666666667,658.207,3077.45932298485,4235.39679571099,21293.9561244247,21105.7765016417,20840.3739952428,20830.9575716068,20657.3334699752,29306.1074321282,28899.0039896431,28752.7481359842,28947.0474480587,28775.5520406924
"52",1972-10-01,409.029,268.057,21.562,145215,949.866666666667,677.086,3140.18180131713,4405.28089540241,21624.3625060574,21293.9561244247,21105.7765016417,20840.3739952428,20830.9575716068,30336.2661942802,29306.1074321282,28899.0039896431,28752.7481359842,28947.0474480587
"53",1973-01-01,417.739,275.456,21.823,145964.333333333,968.7,693.195,3176.44228566192,4438.89474407735,21761.7702429263,21624.3625060574,21293.9561244247,21105.7765016417,20840.3739952428,30410.8177847832,30336.2661942802,29306.1074321282,28899.0039896431,28752.7481359842
"54",1973-04-01,427.847,281.386,22.242,146719.666666667,995.666666666667,709.233,3188.71054761262,4476.51590084825,21733.3546351157,21761.7702429263,21624.3625060574,21293.9561244247,21105.7765016417,30510.6738759056,30410.8177847832,30336.2661942802,29306.1074321282,28899.0039896431
"55",1973-07-01,438.16,289.916,22.647,147478.333333333,1018.43333333333,728.076,3214.88938932309,4496.99003547195,21799.062388756,21733.3546351157,21761.7702429263,21624.3625060574,21293.9561244247,30492.5471683205,30510.6738759056,30410.8177847832,30336.2661942802,29306.1074321282
"56",1973-10-01,448.011,297.675,23.11,148226,1050.7,745.686,3226.68109043704,4546.51665945478,21768.6579307074,21799.062388756,21733.3546351157,21761.7702429263,21624.3625060574,30672.8688587345,30492.5471683205,30510.6738759056,30410.8177847832,30336.2661942802
"57",1974-01-01,456.362,308.853,23.798,148986.666666667,1064.03333333333,765.215,3215.45928229263,4471.10401434294,21582.1949321592,21768.6579307074,21799.062388756,21733.3546351157,21761.7702429263,30010.094959345,30672.8688587345,30492.5471683205,30510.6738759056,30410.8177847832
"58",1974-04-01,471.822,318.017,24.472,149746.666666667,1083.96666666667,789.839,3227.52124877411,4429.41593113218,21553.2093008689,21582.1949321592,21768.6579307074,21799.062388756,21733.3546351157,29579.3958538789,30010.094959345,30672.8688587345,30492.5471683205,30510.6738759056
"59",1974-07-01,485.284,327.667,25.132,150498,1114.23333333333,812.951,3234.72465382779,4433.52432489787,21493.4726961673,21553.2093008689,21582.1949321592,21768.6579307074,21799.062388756,29459.0248700838,29579.3958538789,30010.094959345,30672.8688587345,30492.5471683205
"60",1974-10-01,501.022,330.908,25.771,151253,1140.86666666667,831.93,3228.16343952505,4426.9398419412,21342.8060238478,21493.4726961673,21553.2093008689,21582.1949321592,21768.6579307074,29268.4432172664,29459.0248700838,29579.3958538789,30010.094959345,30672.8688587345
"61",1975-01-01,517.197,336.206,26.256,151987.333333333,1160.43333333333,853.403,3250.3161182206,4419.6881982531,21385.44079257,21342.8060238478,21493.4726961673,21553.2093008689,21582.1949321592,29079.3193177486,29268.4432172664,29459.0248700838,29579.3958538789,30010.094959345
"62",1975-04-01,532.041,344.849,26.578,152707.666666667,1228.9,876.89,3299.30769809617,4623.74896530965,21605.3834762466,21385.44079257,21342.8060238478,21493.4726961673,21553.2093008689,30278.4337305243,29079.3193177486,29268.4432172664,29459.0248700838,29579.3958538789
"63",1975-07-01,544.44,355.964,27.076,153579,1233.63333333333,900.404,3325.46905008125,4556.1875215443,21653.149519669,21605.3834762466,21385.44079257,21342.8060238478,21493.4726961673,29666.7351756705,30278.4337305243,29079.3193177486,29268.4432172664,29459.0248700838
"64",1975-10-01,563.172,359.659,27.53,154336.333333333,1264.16666666667,922.831,3352.09226298583,4591.96028574888,21719.3980872024,21653.149519669,21605.3834762466,21385.44079257,21342.8060238478,29752.9440188995,29666.7351756705,30278.4337305243,29079.3193177486,29268.4432172664
"65",1976-01-01,579.174,367.436,27.833,155075,1293.6,946.61,3401.03474293105,4647.72033198002,21931.5475926555,21719.3980872024,21653.149519669,21605.3834762466,21385.44079257,29970.790468999,29752.9440188995,29666.7351756705,30278.4337305243,29079.3193177486
"66",1976-04-01,590.571,373.07,28.066,155773.666666667,1311.93333333333,963.641,3433.4817929167,4674.45782560156,22041.477654011,21931.5475926555,21719.3980872024,21653.149519669,21605.3834762466,30008.0105041389,29970.790468999,29752.9440188995,29666.7351756705,30278.4337305243
"67",1976-07-01,608.353,380.608,28.492,156526.666666667,1342.23333333333,988.961,3471.01291590622,4710.91300482007,22175.2177429163,22041.477654011,21931.5475926555,21719.3980872024,21653.149519669,30096.5522689642,30008.0105041389,29970.790468999,29752.9440188995,29666.7351756705
"68",1976-10-01,627.345,389.607,28.942,157222,1372.13333333333,1016.952,3513.75855158593,4740.97620528413,22349.0259097705,22175.2177429163,22041.477654011,21931.5475926555,21719.3980872024,30154.6615949685,30096.5522689642,30008.0105041389,29970.790468999,29752.9440188995
"69",1977-01-01,647.814,396.467,29.465,157910.666666667,1400.03333333333,1044.281,3544.14050568471,4751.51309463205,22443.9588565985,22349.0259097705,22175.2177429163,22041.477654011,21931.5475926555,30089.8805313894,30154.6615949685,30096.5522689642,30008.0105041389,29970.790468999
"70",1977-04-01,663.054,403.704,29.969,158652.333333333,1437.36666666667,1066.758,3559.53818946244,4796.17827310443,22436.0910090351,22443.9588565985,22349.0259097705,22175.2177429163,22041.477654011,30230.7452549564,30089.8805313894,30154.6615949685,30096.5522689642,30008.0105041389
"71",1977-07-01,683.003,409.909,30.42,159429.666666667,1479.2,1092.912,3592.741617357,4862.59040105194,22534.9628615147,22436.0910090351,22443.9588565985,22349.0259097705,22175.2177429163,30499.9094755594,30230.7452549564,30089.8805313894,30154.6615949685,30096.5522689642
"72",1977-10-01,700.494,423.604,30.852,160140.333333333,1528.86666666667,1124.098,3643.51743809153,4955.48640822853,22752.0285630199,22534.9628615147,22436.0910090351,22443.9588565985,22349.0259097705,30944.649015521,30499.9094755594,30230.7452549564,30089.8805313894,30154.6615949685
"73",1978-01-01,724.811,431.073,31.358,160828.666666667,1566.1,1155.884,3686.08967408636,4994.25983799987,22919.357291733,22752.0285630199,22534.9628615147,22436.0910090351,22443.9588565985,31053.2938033427,30944.649015521,30499.9094755594,30230.7452549564,30089.8805313894
"74",1978-04-01,750.386,444.812,32.002,161525.333333333,1615.13333333333,1195.198,3734.76032747953,5046.97623065225,23121.8239913627,22919.357291733,22752.0285630199,22534.9628615147,22436.0910090351,31245.7255249058,31053.2938033427,30944.649015521,30499.9094755594,30230.7452549564
"75",1978-07-01,769.856,455.62,32.564,162265,1656.3,1225.476,3763.28460877042,5086.29161036728,23192.2140250234,23121.8239913627,22919.357291733,22752.0285630199,22534.9628615147,31345.5866044266,31245.7255249058,31053.2938033427,30944.649015521,30499.9094755594
"76",1978-10-01,789.689,469.367,33.179,163024,1698.73333333333,1259.056,3794.73763525121,5119.90516089494,23277.1716756503,23192.2140250234,23121.8239913627,22919.357291733,22752.0285630199,31405.8369374751,31345.5866044266,31245.7255249058,31053.2938033427,30944.649015521
"77",1979-01-01,809.273,484.59,33.804,163756.333333333,1751.56666666667,1293.863,3827.54407762395,5181.53670177099,23373.4109680681,23277.1716756503,23192.2140250234,23121.8239913627,22919.357291733,31641.7484215633,31405.8369374751,31345.5866044266,31245.7255249058,31053.2938033427
"78",1979-04-01,835.468,500.067,34.728,164447.333333333,1783.2,1335.535,3845.70087537434,5134.76157567381,23385.608008487,23373.4109680681,23277.1716756503,23192.2140250234,23121.8239913627,31224.3529377621,31641.7484215633,31405.8369374751,31345.5866044266,31245.7255249058
"79",1979-07-01,858.589,522.347,35.59,165199.666666667,1836.06666666667,1380.936,3880.12363023321,5158.93977709094,23487.4785677526,23385.608008487,23373.4109680681,23277.1716756503,23192.2140250234,31228.5120253932,31224.3529377621,31641.7484215633,31405.8369374751,31345.5866044266
"80",1979-10-01,886.599,539.388,36.451,166054.666666667,1884.36666666667,1425.987,3912.06551260596,5169.58839720904,23558.901361435,23487.4785677526,23385.608008487,23373.4109680681,23277.1716756503,31131.8465236892,31228.5120253932,31224.3529377621,31641.7484215633,31405.8369374751
"81",1980-01-01,910.301,559.946,37.545,166762.333333333,1948.36666666667,1470.247,3915.95951524837,5189.4171438718,23482.2782637668,23558.901361435,23487.4785677526,23385.608008487,23373.4109680681,31118.6407634326,31131.8465236892,31228.5120253932,31224.3529377621,31641.7484215633
"82",1980-04-01,926.892,565.914,38.464,167415.666666667,1978.6,1492.806,3881.04721297837,5144.03078202995,23182.1029074043,23482.2782637668,23558.901361435,23487.4785677526,23385.608008487,30726.1015916269,31118.6407634326,31131.8465236892,31228.5120253932,31224.3529377621
"83",1980-07-01,961.909,576.499,39.364,168110.666666667,2047.03333333333,1538.408,3908.15973986383,5200.26758798225,23247.5417375687,23182.1029074043,23482.2782637668,23558.901361435,23487.4785677526,30933.5968448299,30726.1015916269,31118.6407634326,31131.8465236892,31228.5120253932
"84",1980-10-01,1004.394,591.25,40.338,168693.666666667,2125.8,1595.644,3955.6844662601,5269.96876394467,23448.921020114,23247.5417375687,23182.1029074043,23482.2782637668,23558.901361435,31239.8732452592,30933.5968448299,30726.1015916269,31118.6407634326,31131.8465236892
"85",1981-01-01,1025.643,614.044,41.384,169279,2177.06666666667,1639.687,3962.12787550744,5260.64823764418,23405.9031274254,23448.921020114,23247.5417375687,23182.1029074043,23482.2782637668,31076.7917913278,31239.8732452592,30933.5968448299,30726.1015916269,31118.6407634326
"86",1981-04-01,1053.74,622.849,42.078,169837.333333333,2215.46666666667,1676.589,3984.47882503921,5265.14251311057,23460.55927067,23405.9031274254,23448.921020114,23247.5417375687,23182.1029074043,31001.0903361093,31076.7917913278,31239.8732452592,30933.5968448299,30726.1015916269
"87",1981-07-01,1077.047,629.127,42.772,170412.666666667,2300.16666666667,1706.174,3988.99747498363,5377.73933102653,23407.8695733707,23460.55927067,23405.9031274254,23448.921020114,23247.5417375687,31557.1573182737,31001.0903361093,31076.7917913278,31239.8732452592,30933.5968448299
"88",1981-10-01,1101.901,635.702,43.427,170990.333333333,2337,1737.603,4001.20431989315,5381.4447233288,23400.1784889974,23407.8695733707,23460.55927067,23405.9031274254,23448.921020114,31472.2161096561,31557.1573182737,31001.0903361093,31076.7917913278,31239.8732452592
"89",1982-01-01,1127.862,639.854,43.979,171497,2372.2,1767.716,4019.45473976216,5393.93801587121,23437.4638609548,23400.1784889974,23407.8695733707,23460.55927067,23405.9031274254,31452.0838024642,31472.2161096561,31557.1573182737,31001.0903361093,31076.7917913278
"90",1982-04-01,1151.697,638.721,44.402,172020,2409.8,1790.418,4032.29133822801,5427.23300752218,23440.8286142775,23437.4638609548,23400.1784889974,23407.8695733707,23460.55927067,31550.0116702836,31452.0838024642,31472.2161096561,31557.1573182737,31001.0903361093
"91",1982-07-01,1183.846,649.719,45.103,172521.666666667,2460.33333333333,1833.565,4065.28390572689,5454.92169774368,23563.9035042568,23440.8286142775,23437.4638609548,23400.1784889974,23407.8695733707,31618.7630408375,31550.0116702836,31452.0838024642,31472.2161096561,31557.1573182737
"92",1982-10-01,1224.459,656.74,45.601,173046,2496.53333333333,1881.199,4125.34593539615,5474.73374121913,23839.59141151,23563.9035042568,23440.8286142775,23437.4638609548,23400.1784889974,31637.4475065539,31618.7630408375,31550.0116702836,31452.0838024642,31472.2161096561
"93",1983-01-01,1258.678,657.003,45.978,173505,2542.26666666667,1915.681,4166.51659489321,5529.31111981092,24013.812828986,23839.59141151,23563.9035042568,23440.8286142775,23437.4638609548,31868.3099611592,31637.4475065539,31618.7630408375,31550.0116702836,31452.0838024642
"94",1983-04-01,1286.806,673.049,46.398,173957.333333333,2583.83333333333,1959.855,4224.00750032329,5568.84635832004,24281.8593466786,24013.812828986,23839.59141151,23563.9035042568,23440.8286142775,32012.7139891777,31868.3099611592,31637.4475065539,31618.7630408375,31550.0116702836
"95",1983-07-01,1329.097,688.437,47.008,174449.333333333,2656.76666666667,2017.534,4291.89499659632,5651.73303834808,24602.530228049,24281.8593466786,24013.812828986,23839.59141151,23563.9035042568,32397.5616894385,32012.7139891777,31868.3099611592,31637.4475065539,31618.7630408375
"96",1983-10-01,1356.704,696.522,47.318,174950.333333333,2732.46666666667,2053.226,4339.20706707807,5774.68757484819,24802.5081427571,24602.530228049,24281.8593466786,24013.812828986,23839.59141151,33007.5825797123,32397.5616894385,32012.7139891777,31868.3099611592,31637.4475065539
"97",1984-01-01,1380.27,706.457,47.83,175678.666666667,2815.03333333333,2086.727,4362.79949822287,5885.49724719493,24833.974329398,24802.5081427571,24602.530228049,24281.8593466786,24013.812828986,33501.4908689061,33007.5825797123,32397.5616894385,32012.7139891777,31868.3099611592
"98",1984-04-01,1412.233,722.374,48.293,176125.333333333,2888.2,2134.607,4420.116787112,5980.5768952022,25096.4282278832,24833.974329398,24802.5081427571,24602.530228049,24281.8593466786,33956.3694899212,33501.4908689061,33007.5825797123,32397.5616894385,32012.7139891777
"99",1984-07-01,1446.882,724.567,48.666,176595.333333333,2948.53333333333,2171.449,4461.94262935109,6058.71313305662,25266.4809716626,25096.4282278832,24833.974329398,24802.5081427571,24602.530228049,34308.4554880081,33956.3694899212,33501.4908689061,33007.5825797123,32397.5616894385
"100",1984-10-01,1475.175,732.781,48.966,177132.333333333,2991.23333333333,2207.956,4509.16145897153,6108.79657993982,25456.4560524704,25266.4809716626,25096.4282278832,24833.974329398,24802.5081427571,34487.1908193299,34308.4554880081,33956.3694899212,33501.4908689061,33007.5825797123
"101",1985-01-01,1525.616,742.385,49.544,177522.333333333,3019.23333333333,2268.001,4577.75108994026,6094.04435114915,25786.9024363522,25456.4560524704,25266.4809716626,25096.4282278832,24833.974329398,34328.3249871799,34487.1908193299,34308.4554880081,33956.3694899212,33501.4908689061
"102",1985-04-01,1555.754,752.76,49.945,177946.333333333,3104.43333333333,2308.514,4622.11232355591,6215.70394100177,25974.7545058861,25786.9024363522,25456.4560524704,25266.4809716626,25096.4282278832,34930.216456657,34328.3249871799,34487.1908193299,34308.4554880081,33956.3694899212
"103",1985-07-01,1597.213,760.485,50.337,178413.333333333,3120.13333333333,2357.698,4683.8270059797,6198.4888518055,26252.673600514,25974.7545058861,25786.9024363522,25456.4560524704,25266.4809716626,34742.2960829095,34930.216456657,34328.3249871799,34487.1908193299,34308.4554880081
"104",1985-10-01,1622.303,773.345,50.688,178940.666666667,3176.5,2395.648,4726.26262626263,6266.76925505051,26412.4567897513,26252.673600514,25974.7545058861,25786.9024363522,25456.4560524704,35021.4927204018,34742.2960829095,34930.216456657,34328.3249871799,34487.1908193299
"105",1986-01-01,1652.771,779.252,51.047,179825.333333333,3242.4,2432.023,4764.28193625482,6351.79344525633,26493.9419154225,26412.4567897513,26252.673600514,25974.7545058861,25786.9024363522,35322.0168010607,35021.4927204018,34742.2960829095,34930.216456657,34328.3249871799
"106",1986-04-01,1676.713,767.452,50.993,180320.666666667,3279.73333333333,2444.165,4793.13827388073,6431.73246001085,26581.1920645853,26493.9419154225,26412.4567897513,26252.673600514,25974.7545058861,35668.3045759823,35322.0168010607,35021.4927204018,34742.2960829095,34930.216456657
"107",1986-07-01,1700.452,771.042,51.263,180835.666666667,3315.43333333333,2471.494,4821.20437742621,6467.49767538641,26660.6940228949,26581.1920645853,26493.9419154225,26412.4567897513,26252.673600514,35764.5026260661,35668.3045759823,35322.0168010607,35021.4927204018,34742.2960829095
"108",1986-10-01,1732.668,779.007,51.573,181365.333333333,3335.93333333333,2511.675,4870.1355360363,6468.37169319864,26852.6263896608,26660.6940228949,26581.1920645853,26493.9419154225,26412.4567897513,35664.8736244999,35764.5026260661,35668.3045759823,35322.0168010607,35021.4927204018
"109",1987-01-01,1767.634,797.382,52.061,182001.333333333,3392.3,2565.016,4926.94339332706,6516.01006511592,27070.9192240005,26852.6263896608,26660.6940228949,26581.1920645853,26493.9419154225,35801.9908193855,35664.8736244999,35764.5026260661,35668.3045759823,35322.0168010607
"110",1987-04-01,1801.948,812.281,52.564,182526.666666667,3389.63333333333,2614.229,4973.42097252873,6448.58331430891,27247.640376906,27070.9192240005,26852.6263896608,26660.6940228949,26581.1920645853,35329.5407847743,35801.9908193855,35664.8736244999,35764.5026260661,35668.3045759823
"111",1987-07-01,1836.16,820.656,53.062,183016,3483.13333333333,2656.816,5007.00312841581,6564.27072732527,27358.2808520338,27247.640376906,27070.9192240005,26852.6263896608,26660.6940228949,35867.1959136101,35329.5407847743,35801.9908193855,35664.8736244999,35764.5026260661
"112",1987-10-01,1874.186,826.781,53.52,183467,3563.86666666667,2700.967,5046.64985052317,6658.94369706029,27507.1258074922,27358.2808520338,27247.640376906,27070.9192240005,26852.6263896608,36295.0486848332,35867.1959136101,35329.5407847743,35801.9908193855,35664.8736244999
"113",1988-01-01,1923.07,838.387,53.943,183967.333333333,3651.1,2761.457,5119.21287284726,6768.44076154459,27826.749347786,27507.1258074922,27358.2808520338,27247.640376906,27070.9192240005,36791.5359694906,36295.0486848332,35867.1959136101,35329.5407847743,35801.9908193855
"114",1988-04-01,1964.954,853.54,54.539,184389.333333333,3733.63333333333,2818.494,5167.85052897926,6845.80453131398,28026.8410084057,27826.749347786,27507.1258074922,27358.2808520338,27247.640376906,37126.9010390007,36791.5359694906,36295.0486848332,35867.1959136101,35329.5407847743
"115",1988-07-01,2020.733,870.778,55.211,184840.333333333,3818.1,2891.511,5237.2009201065,6915.46974334825,28333.6478876715,28026.8410084057,27826.749347786,27507.1258074922,27358.2808520338,37413.2074890667,37126.9010390007,36791.5359694906,36295.0486848332,35867.1959136101
"116",1988-10-01,2062.056,886.321,55.769,185253.333333333,3893.5,2948.377,5286.76684179383,6981.4771647331,28538.038947354,28333.6478876715,28026.8410084057,27826.749347786,27507.1258074922,37686.1082017405,37413.2074890667,37126.9010390007,36791.5359694906,36295.0486848332
"117",1989-01-01,2101.195,902.525,56.41,185772.666666667,3980.9,3003.72,5324.80056727531,7057.08207764581,28662.9925856081,28538.038947354,28333.6478876715,28026.8410084057,27826.749347786,37987.7309416481,37686.1082017405,37413.2074890667,37126.9010390007,36791.5359694906
"118",1989-04-01,2132.674,927.749,57.17,186178,4021.33333333333,3060.423,5353.19748119643,7033.99218704449,28753.1151972651,28662.9925856081,28538.038947354,28333.6478876715,28026.8410084057,37781.0062791763,37987.7309416481,37686.1082017405,37413.2074890667,37126.9010390007
"119",1989-07-01,2167.474,936.288,57.507,186602.333333333,4071.73333333333,3103.762,5397.18990731563,7080.41339894853,28923.4856333467,28753.1151972651,28662.9925856081,28538.038947354,28333.6478876715,37943.8631472018,37781.0062791763,37987.7309416481,37686.1082017405,37413.2074890667
"120",1989-10-01,2210.469,951.338,57.959,187017.666666667,4139.16666666667,3161.807,5455.24767508066,7141.54258470068,29169.6916784011,28923.4856333467,28753.1151972651,28662.9925856081,28538.038947354,38186.4596644204,37943.8631472018,37781.0062791763,37987.7309416481,37686.1082017405
"121",1990-01-01,2248.382,974.173,58.799,188519.666666667,4232.9,3222.555,5480.62892226058,7198.93195462508,29071.9213499949,29169.6916784011,28923.4856333467,28753.1151972651,28662.9925856081,38186.6363436445,38186.4596644204,37943.8631472018,37781.0062791763,37987.7309416481
"122",1990-04-01,2304.16,980.853,59.333,188916.333333333,4302.9,3285.013,5536.56986837005,7252.11939392918,29306.9941104618,29071.9213499949,29169.6916784011,28923.4856333467,28753.1151972651,38387.9957120128,38186.6363436445,38186.4596644204,37943.8631472018,37781.0062791763
"123",1990-07-01,2350.024,1003.106,60.087,189352.666666667,4358.16666666667,3353.13,5580.45833541365,7253.0941246304,29471.2423841244,29306.9941104618,29071.9213499949,29169.6916784011,28923.4856333467,38304.6843348587,38387.9957120128,38186.6363436445,38186.4596644204,37943.8631472018
"124",1990-10-01,2368.207,1018.756,60.882,189866.333333333,4380.53333333333,3386.963,5563.15988305246,7195.1206158361,29300.4019479623,29471.2423841244,29306.9941104618,29071.9213499949,29169.6916784011,37895.7158413345,38304.6843348587,38387.9957120128,38186.6363436445,38186.4596644204
"125",1991-01-01,2387.721,1014.15,61.202,190271.666666667,4417,3401.871,5558.43109702297,7217.08440900624,29213.1308586301,29300.4019479623,29471.2423841244,29306.9941104618,29071.9213499949,37930.4209367636,37895.7158413345,38304.6843348587,38387.9957120128,38186.6363436445
"126",1991-04-01,2429.918,1021.765,61.536,190655.666666667,4474.43333333333,3451.683,5609.20924336973,7271.24501646733,29420.6269419551,29213.1308586301,29300.4019479623,29471.2423841244,29306.9941104618,38138.1007110585,37930.4209367636,37895.7158413345,38304.6843348587,38387.9957120128
"127",1991-07-01,2464.541,1024.392,61.954,191121.333333333,4522.06666666667,3488.933,5631.48949220389,7299.07135401534,29465.5201174327,29420.6269419551,29213.1308586301,29300.4019479623,29471.2423841244,38190.7724622509,38138.1007110585,37930.4209367636,37895.7158413345,38304.6843348587
"128",1991-10-01,2501.877,1020.699,62.404,191650.666666667,4590.56666666667,3522.576,5644.79200051279,7356.20579877358,29453.5474292434,29465.5201174327,29420.6269419551,29213.1308586301,29300.4019479623,38383.4083476895,38190.7724622509,38138.1007110585,37930.4209367636,37895.7158413345
"129",1992-01-01,2566.552,1037.668,62.795,192074.666666667,4708.4,3604.22,5739.66080101919,7498.04920773947,29882.4457208613,29453.5474292434,29465.5201174327,29420.6269419551,29213.1308586301,39037.1585064461,38383.4083476895,38190.7724622509,38138.1007110585,37930.4209367636
"130",1992-04-01,2607.453,1047.218,63.212,192506.666666667,4784.1,3654.671,5781.60950452446,7568.34145415428,30033.2949743271,29882.4457208613,29453.5474292434,29465.5201174327,29420.6269419551,39314.697954119,39037.1585064461,38383.4083476895,38190.7724622509,38138.1007110585
"131",1992-07-01,2653.829,1061.049,63.615,193024.333333333,4835.46666666667,3714.878,5839.62587440069,7601.14228824439,30253.3145617255,30033.2949743271,29882.4457208613,29453.5474292434,29465.5201174327,39379.1920271419,39314.697954119,39037.1585064461,38383.4083476895,38190.7724622509
"132",1992-10-01,2709.331,1074.81,64.059,193615.666666667,4890.8,3784.141,5907.27454377995,7634.83663497713,30510.3127524802,30253.3145617255,30033.2949743271,29882.4457208613,29453.5474292434,39432.9486162989,39379.1920271419,39314.697954119,39037.1585064461,38383.4083476895
"133",1993-01-01,2742.534,1079.129,64.441,194106,4938.66666666667,3821.663,5930.48369826663,7663.85789585305,30552.8097960219,30510.3127524802,30253.3145617255,30033.2949743271,29882.4457208613,39482.8490404885,39432.9486162989,39379.1920271419,39314.697954119,39037.1585064461
"134",1993-04-01,2784.412,1086.326,64.874,194555.333333333,4987.33333333333,3870.738,5966.54746123254,7687.72286791832,30667.611928222,30552.8097960219,30510.3127524802,30253.3145617255,30033.2949743271,39514.326007948,39482.8490404885,39432.9486162989,39379.1920271419,39314.697954119
"135",1993-07-01,2838.023,1092.528,65.155,195068,5013.2,3930.551,6032.61606937303,7694.26751592357,30925.7083138856,30667.611928222,30552.8097960219,30510.3127524802,30253.3145617255,39444.0272926547,39514.326007948,39482.8490404885,39432.9486162989,39379.1920271419
"136",1993-10-01,2873.579,1105.275,65.531,195621,5077.13333333333,3978.854,6071.71262455937,7747.68175876048,31038.1432696866,30925.7083138856,30667.611928222,30552.8097960219,30510.3127524802,39605.5728104881,39444.0272926547,39514.326007948,39482.8490404885,39432.9486162989
"137",1994-01-01,2915.554,1116.845,65.766,196085.333333333,5128.46666666667,4032.399,6131.4341757139,7798.0516781721,31269.2136198214,31038.1432696866,30925.7083138856,30667.611928222,30552.8097960219,39768.6637017154,39605.5728104881,39444.0272926547,39514.326007948,39482.8490404885
"138",1994-04-01,2956.348,1128.094,66.133,196522,5208.53333333333,4084.442,6176.10270213056,7875.84614841809,31427.0295546074,31269.2136198214,31038.1432696866,30925.7083138856,30667.611928222,40076.1550789127,39768.6637017154,39605.5728104881,39444.0272926547,39514.326007948
"139",1994-07-01,2993.87,1149.581,66.607,197050,5276.8,4143.451,6220.74406593902,7922.29044995271,31569.3685152957,31427.0295546074,31269.2136198214,31038.1432696866,30925.7083138856,40204.4681550505,40076.1550789127,39768.6637017154,39605.5728104881,39444.0272926547
"140",1994-10-01,3031.873,1163.01,66.92,197600.666666667,5377.53333333333,4194.883,6268.50418410042,8035.76409643355,31723.0922842724,31569.3685152957,31427.0295546074,31269.2136198214,31038.1432696866,40666.6851483306,40204.4681550505,40076.1550789127,39768.6637017154,39605.5728104881
"141",1995-01-01,3074.329,1166.854,67.247,197882,5449.46666666667,4241.183,6306.8731690633,8103.6576600691,31871.8891514302,31723.0922842724,31569.3685152957,31427.0295546074,31269.2136198214,40951.9696590347,40666.6851483306,40204.4681550505,40076.1550789127,39768.6637017154
"142",1995-04-01,3129.711,1176.984,67.639,198295.666666667,5496.36666666667,4306.695,6367.17722024276,8126.03182582041,32109.5126649738,31871.8891514302,31723.0922842724,31569.3685152957,31427.0295546074,40979.3716747235,40951.9696590347,40666.6851483306,40204.4681550505,40076.1550789127
"143",1995-07-01,3172.427,1183.691,67.915,198807,5568.8,4356.118,6414.07347419569,8199.66134138261,32262.8150628282,32109.5126649738,31871.8891514302,31723.0922842724,31569.3685152957,41244.3291301745,40979.3716747235,40951.9696590347,40666.6851483306,40204.4681550505
"144",1995-10-01,3211.762,1191.651,68.214,199351.666666667,5625.1,4403.413,6455.29216876301,8246.25443457355,32381.4306481662,32262.8150628282,32109.5126649738,31871.8891514302,31723.0922842724,41365.3648974102,41244.3291301745,40979.3716747235,40951.9696590347,40666.6851483306
"145",1996-01-01,3259.617,1211.173,68.593,199776,5708.96666666667,4470.79,6517.85167582698,8322.95812497874,32625.7992743221,32381.4306481662,32262.8150628282,32109.5126649738,31871.8891514302,41661.4514505183,41365.3648974102,41244.3291301745,40979.3716747235,40951.9696590347
"146",1996-04-01,3304.626,1239.541,69.052,200279.333333333,5799.06666666667,4544.167,6580.78983954122,8398.11542991755,32858.0574441424,32625.7992743221,32381.4306481662,32262.8150628282,32109.5126649738,41932.012106013,41661.4514505183,41365.3648974102,41244.3291301745,40979.3716747235
"147",1996-07-01,3348.618,1246.505,69.346,200849.666666667,5869.26666666667,4595.123,6626.37066305194,8463.74220094406,32991.6936036004,32858.0574441424,32625.7992743221,32381.4306481662,32262.8150628282,42139.68756538,41932.012106013,41661.4514505183,41365.3648974102,41244.3291301745
"148",1996-10-01,3394.838,1268.285,69.819,201457.333333333,5939.1,4663.123,6678.87394548762,8506.42375284665,33152.7963513579,32991.6936036004,32858.0574441424,32625.7992743221,32381.4306481662,42224.4433205707,42139.68756538,41932.012106013,41661.4514505183,41365.3648974102
"149",1997-01-01,3446.497,1281.017,70.127,202395.666666667,6020.03333333333,4727.514,6741.36067420537,8584.47293244162,33307.8310678854,33152.7963513579,32991.6936036004,32858.0574441424,32625.7992743221,42414.3118962113,42224.4433205707,42139.68756538,41932.012106013,41661.4514505183
"150",1997-04-01,3496.96,1277.72,70.303,202835.333333333,6087.06666666667,4774.68,6791.57361705759,8658.33131824626,33483.1880888155,33307.8310678854,33152.7963513579,32991.6936036004,32858.0574441424,42686.5042493234,42414.3118962113,42224.4433205707,42139.68756538,41932.012106013
"151",1997-07-01,3559.055,1297.345,70.488,203366.666666667,6175.3,4856.4,6889.68335035751,8760.78197707411,33878.1348157229,33483.1880888155,33307.8310678854,33152.7963513579,32991.6936036004,43078.7509116904,42686.5042493234,42414.3118962113,42224.4433205707,42139.68756538
"152",1997-10-01,3618.627,1307.821,70.71,203935.333333333,6286.16666666667,4926.448,6967.11639089238,8890.06741149295,34163.360890016,33878.1348157229,33483.1880888155,33307.8310678854,33152.7963513579,43592.5803841068,43078.7509116904,42686.5042493234,42414.3118962113,42224.4433205707
"153",1998-01-01,3676.961,1306.679,70.715,204395,6420.33333333333,4983.64,7047.50053029767,9079.16755049612,34479.8088519664,34163.360890016,33878.1348157229,33483.1880888155,33307.8310678854,44419.7145257767,43592.5803841068,43078.7509116904,42686.5042493234,42414.3118962113
"154",1998-04-01,3743.404,1319.925,70.843,204905,6522.03333333333,5063.329,7147.25378654207,9206.32007867162,34880.81689828,34479.8088519664,34163.360890016,33878.1348157229,33483.1880888155,44929.6995128065,44419.7145257767,43592.5803841068,43078.7509116904,42686.5042493234
"155",1998-07-01,3806.982,1334.82,71.062,205482.666666667,6607.16666666667,5141.802,7235.65618755453,9297.74938316775,35212.975891987,34880.81689828,34479.8088519664,34163.360890016,33878.1348157229,45248.3391129556,44929.6995128065,44419.7145257767,43592.5803841068,43078.7509116904
"156",1998-10-01,3847.889,1355.16,71.249,206097.666666667,6674.13333333333,5203.049,7302.62740529692,9367.33614974713,35432.8485295657,35212.975891987,34880.81689828,34479.8088519664,34163.360890016,45450.9568266847,45248.3391129556,44929.6995128065,44419.7145257767,43592.5803841068
"157",1999-01-01,3897.147,1384.945,71.39,206876,6758.7,5282.092,7398.9242190783,9467.29233786245,35765.0197175037,35432.8485295657,35212.975891987,34880.81689828,34479.8088519664,45763.1254367952,45450.9568266847,45248.3391129556,44929.6995128065,44419.7145257767
"158",1999-04-01,3957.569,1418.268,71.796,207431.666666667,6801.66666666667,5375.837,7487.65530113098,9473.60112912511,36096.9731452011,35765.0197175037,35432.8485295657,35212.975891987,34880.81689828,45670.9492883204,45763.1254367952,45450.9568266847,45248.3391129556,44929.6995128065
"159",1999-07-01,4024.047,1440.071,72.191,208043.666666667,6887.36666666667,5464.118,7568.97397182474,9540.47826829753,36381.6601249966,36096.9731452011,35765.0197175037,35432.8485295657,35212.975891987,45858.0567299054,45670.9492883204,45763.1254367952,45450.9568266847,45248.3391129556
"160",1999-10-01,4108.02,1482.69,72.629,208660.333333333,7019,5590.71,7697.62766938826,9664.18372826281,36890.7091559724,36381.6601249966,36096.9731452011,35765.0197175037,35432.8485295657,46315.3852669465,45858.0567299054,45670.9492883204,45763.1254367952,45450.9568266847
"161",2000-01-01,4205.131,1492.211,73.219,211586,7199.6,5697.342,7781.23437905462,9832.96685286606,36775.7525500488,36890.7091559724,36381.6601249966,36096.9731452011,35765.0197175037,46472.6723548158,46315.3852669465,45858.0567299054,45670.9492883204,45763.1254367952
"162",2000-04-01,4274.861,1535.118,73.568,212242,7319.56666666667,5809.979,7897.42687037842,9949.38922720023,37209.5385002894,36775.7525500488,36890.7091559724,36381.6601249966,36096.9731452011,46877.5700719002,46472.6723548158,46315.3852669465,45858.0567299054,45670.9492883204
"163",2000-07-01,4350.834,1557.492,74.042,212918.666666667,7464.03333333333,5908.326,7979.69530806839,10080.809990726,37477.668975642,37209.5385002894,36775.7525500488,36890.7091559724,36381.6601249966,47345.8252794149,46877.5700719002,46472.6723548158,46315.3852669465,45858.0567299054
"164",2000-10-01,4425.204,1577.579,74.46,213560.333333333,7556.66666666667,6002.783,8061.75530486167,10148.6256603098,37749.3103659778,37477.668975642,37209.5385002894,36775.7525500488,36890.7091559724,47521.1173437785,47345.8252794149,46877.5700719002,46472.6723548158,46315.3852669465
"165",2001-01-01,4496.052,1572.434,75.012,214101,7673.46666666667,6068.486,8090.02026342452,10229.6521445458,37785.9994274876,37749.3103659778,37477.668975642,37209.5385002894,36775.7525500488,47779.5626575577,47521.1173437785,47345.8252794149,46877.5700719002,46472.6723548158
"166",2001-04-01,4532.144,1590.627,75.363,214735.666666667,7703.5,6122.771,8124.37270278519,10221.8595331927,37834.2956663861,37785.9994274876,37749.3103659778,37477.668975642,37209.5385002894,47602.0574125678,47779.5626575577,47521.1173437785,47345.8252794149,46877.5700719002
"167",2001-07-01,4555.089,1591.359,75.401,215421.666666667,7883.5,6146.448,8151.67968594581,10455.4316255753,37840.5747763494,37834.2956663861,37785.9994274876,37749.3103659778,37477.668975642,48534.7262759484,47602.0574125678,47779.5626575577,47521.1173437785,47345.8252794149
"168",2001-10-01,4609.546,1581.892,75.432,216111.666666667,7755.9,6191.438,8207.97274366317,10281.9758192809,37980.2389674929,37840.5747763494,37834.2956663861,37785.9994274876,37749.3103659778,47577.1436955321,48534.7262759484,47602.0574125678,47779.5626575577,47521.1173437785
"169",2002-01-01,4655.831,1585.634,75.584,216664,7957.56666666667,6241.465,8257.65373624047,10528.1100056449,38112.7170930126,37980.2389674929,37840.5747763494,37834.2956663861,37785.9994274876,48591.8750029766,47577.1436955321,48534.7262759484,47602.0574125678,47779.5626575577
"170",2002-04-01,4721.022,1609.535,76.145,217203.666666667,8080.93333333333,6330.557,8313.81837284129,10612.5593713748,38276.6023264246,38112.7170930126,37980.2389674929,37840.5747763494,37834.2956663861,48859.945756171,48591.8750029766,47577.1436955321,48534.7262759484,47602.0574125678
"171",2002-07-01,4778.693,1616.722,76.539,217867.666666667,8132.53333333333,6395.415,8355.75980872496,10625.3456843352,38352.4546646434,38276.6023264246,38112.7170930126,37980.2389674929,37840.5747763494,48769.7226802901,48859.945756171,48591.8750029766,47577.1436955321,48534.7262759484
"172",2002-10-01,4844.998,1641.855,76.896,218543,8220.46666666667,6486.853,8435.87832917187,10690.3696767929,38600.5423608712,38352.4546646434,38276.6023264246,38112.7170930126,37980.2389674929,48916.5504124721,48769.7226802901,48859.945756171,48591.8750029766,47577.1436955321
"173",2003-01-01,4909.826,1682.801,77.484,220109.333333333,8285.36666666667,6592.627,8508.37205100408,10693.0032867001,38655.2079466753,38600.5423608712,38352.4546646434,38276.6023264246,38112.7170930126,48580.4173987778,48916.5504124721,48769.7226802901,48859.945756171,48591.8750029766
"174",2003-04-01,4983.56,1670.079,77.562,220774,8387.9,6653.639,8578.47786287099,10814.4452180191,38856.3773943988,38655.2079466753,38600.5423608712,38352.4546646434,38276.6023264246,48984.2337323196,48580.4173987778,48916.5504124721,48769.7226802901,48859.945756171
"175",2003-07-01,5054.68,1724.47,78.073,221512.666666667,8587,6779.15,8683.09146567956,10998.6807218885,39199.0742396051,38856.3773943988,38655.2079466753,38600.5423608712,38352.4546646434,49652.6040131121,48984.2337323196,48580.4173987778,48916.5504124721,48769.7226802901
"176",2003-10-01,5124.541,1741.837,78.457,222275.666666667,8652.6,6866.378,8751.77230839823,11028.4614502211,39373.5060595847,39199.0742396051,38856.3773943988,38655.2079466753,38600.5423608712,49616.1438434008,49652.6040131121,48984.2337323196,48580.4173987778,48916.5504124721
"177",2004-01-01,5205.543,1779.005,79.062,222356,8758.8,6984.548,8834.26677797172,11078.3941716627,39730.2828705846,39373.5060595847,39199.0742396051,38856.3773943988,38655.2079466753,49822.7804586463,49616.1438434008,49652.6040131121,48984.2337323196,48580.4173987778
"178",2004-04-01,5278.129,1803.006,79.594,222973.333333333,8907.96666666667,7081.135,8896.568836847,11191.7564975584,39899.6987839218,39730.2828705846,39373.5060595847,39199.0742396051,38856.3773943988,50193.2510504624,49822.7804586463,49616.1438434008,49652.6040131121,48984.2337323196
"179",2004-07-01,5371.996,1826.294,79.985,223680,9009.5,7198.29,8999.54991560918,11263.986997562,40234.0393222871,39899.6987839218,39730.2828705846,39373.5060595847,39199.0742396051,50357.5956614898,50193.2510504624,49822.7804586463,49616.1438434008,49652.6040131121
"180",2004-10-01,5464.088,1877.483,80.669,224418,9192.3,7341.571,9100.85782642651,11395.0836132839,40553.1544993116,40234.0393222871,39899.6987839218,39730.2828705846,39373.5060595847,50776.1570519473,50357.5956614898,50193.2510504624,49822.7804586463,49616.1438434008
"181",2005-01-01,5549.788,1891.983,81.138,225038,9120.3,7441.771,9171.74566787448,11240.4791836131,40756.4307711341,40553.1544993116,40234.0393222871,39899.6987839218,39730.2828705846,49949.2493872728,50776.1570519473,50357.5956614898,50193.2510504624,49822.7804586463
"182",2005-04-01,5643.732,1919.496,81.65,225674,9261.8,7563.228,9262.98591549296,11343.2945499081,41045.871103862,40756.4307711341,40553.1544993116,40234.0393222871,39899.6987839218,50264.0736190618,49949.2493872728,50776.1570519473,50357.5956614898,50193.2510504624
"183",2005-07-01,5730.245,1986.031,82.532,226422.333333333,9396.36666666667,7716.276,9349.43537052295,11385.1193072586,41292.0193555242,41045.871103862,40756.4307711341,40553.1544993116,40234.0393222871,50282.6692917156,50264.0736190618,49949.2493872728,50776.1570519473,50357.5956614898
"184",2005-10-01,5820.809,2019.741,83.189,227196,9556.13333333333,7840.55,9424.98407241342,11487.255927266,41483.9348950396,41292.0193555242,41045.871103862,40756.4307711341,40553.1544993116,50560.9954720419,50282.6692917156,50264.0736190618,49949.2493872728,50776.1570519473
"185",2006-01-01,5903.311,2042.714,83.621,227763.666666667,9783.83333333333,7946.025,9502.42761985626,11700.2108720696,41720.5595559853,41483.9348950396,41292.0193555242,41045.871103862,40756.4307711341,51369.9618701386,50560.9954720419,50282.6692917156,50264.0736190618,49949.2493872728
"186",2006-04-01,6001.556,2076.844,84.355,228432.666666667,9906.56666666667,8078.4,9576.67002548752,11743.8997885919,41923.3823482085,41720.5595559853,41483.9348950396,41292.0193555242,41045.871103862,51410.7721980446,51369.9618701386,50560.9954720419,50282.6692917156,50264.0736190618
"187",2006-07-01,6080.335,2112.905,84.962,229166.333333333,9992.33333333333,8193.24,9643.41705703726,11760.9441083465,42080.4265476921,41923.3823482085,41720.5595559853,41483.9348950396,41292.0193555242,51320.5580299599,51410.7721980446,51369.9618701386,50560.9954720419,50282.6692917156
"188",2006-10-01,6165.119,2092.827,84.822,229896,10097.4333333333,8257.946,9735.6181179411,11904.2622590051,42347.9230519065,42080.4265476921,41923.3823482085,41720.5595559853,41483.9348950396,51781.0760474525,51320.5580299599,51410.7721980446,51369.9618701386,50560.9954720419
"189",2007-01-01,6264.013,2129.103,85.597,230839.333333333,10267.7333333333,8393.116,9805.38570276996,11995.4359771176,42477.1011126207,42347.9230519065,42080.4265476921,41923.3823482085,41720.5595559853,51964.4369263366,51781.0760474525,51320.5580299599,51410.7721980446,51369.9618701386
"190",2007-04-01,6326.913,2166.108,86.324,231482,10406.1,8493.021,9838.53968768824,12054.7008943052,42502.3962454456,42477.1011126207,42347.9230519065,42080.4265476921,41923.3823482085,52076.1912127301,51964.4369263366,51781.0760474525,51320.5580299599,51410.7721980446
"191",2007-07-01,6418.373,2188.151,86.812,232210,10482.5666666667,8606.524,9913.97963415196,12075.0203504892,42694.0253828516,42502.3962454456,42477.1011126207,42347.9230519065,42080.4265476921,52000.4321540381,52076.1912127301,51964.4369263366,51781.0760474525,51320.5580299599
"192",2007-10-01,6508.952,2232.589,87.694,232936.666666667,10602.1666666667,8741.541,9968.23157798709,12089.9567435248,42793.7418382125,42694.0253828516,42502.3962454456,42477.1011126207,42347.9230519065,51902.3342976982,52000.4321540381,52076.1912127301,51964.4369263366,51781.0760474525
"193",2008-01-01,6598.077,2252.859,88.408,232806.666666667,10734,8850.936,10011.4650257895,12141.4351642385,43003.3433712788,42793.7418382125,42694.0253828516,42502.3962454456,42477.1011126207,52152.4376345402,51902.3342976982,52000.4321540381,52076.1912127301,51964.4369263366
"194",2008-04-01,6686.336,2305.803,89.269,233410,11061.8333333333,8992.139,10073.0813608307,12391.5730358056,43156.1688052386,43003.3433712788,42793.7418382125,42694.0253828516,42502.3962454456,53089.297955553,52152.4376345402,51902.3342976982,52000.4321540381,52076.1912127301
"195",2008-07-01,6731.171,2332.089,90.221,234110.333333333,10964.4333333333,9063.26,10045.6213076778,12152.8616766976,42909.7732024265,43156.1688052386,43003.3433712788,42793.7418382125,42694.0253828516,51910.8298367761,53089.297955553,52152.4376345402,51902.3342976982,52000.4321540381
"196",2008-10-01,6731.865,2167.09,88.781,234825,10912.4333333333,8898.955,10023.4903864566,12291.4061942683,42684.9372360548,42909.7732024265,43156.1688052386,43003.3433712788,42793.7418382125,52342.8348526277,51910.8298367761,53089.297955553,52152.4376345402,51902.3342976982
"197",2009-01-01,6694.942,2115.548,88.181,234912.666666667,10830.4,8810.49,9991.37002302083,12282.0108640183,42532.2745035212,42684.9372360548,42909.7732024265,43156.1688052386,43003.3433712788,52283.3061251912,52342.8348526277,51910.8298367761,53089.297955553,52152.4376345402
"198",2009-04-01,6671.028,2139.774,88.532,235459.333333333,10946.2333333333,8810.802,9952.10997153572,12364.1545806413,42266.7890486498,42532.2745035212,42684.9372360548,42909.7732024265,43156.1688052386,52510.7856444054,52283.3061251912,52342.8348526277,51910.8298367761,53089.297955553
"199",2009-07-01,6710.929,2193.373,89.142,236093,10888.2666666667,8904.302,9988.89636759328,12214.5191567013,42309.1593888564,42266.7890486498,42532.2745035212,42684.9372360548,42909.7732024265,51736.0495935978,52510.7856444054,52283.3061251912,52342.8348526277,51910.8298367761
"200",2009-10-01,6767.885,2222.909,89.83,236739,10988.3,8990.794,10008.6763887343,12232.327730157,42277.2605643104,42309.1593888564,42266.7890486498,42532.2745035212,42684.9372360548,51670.0996885049,51736.0495935978,52510.7856444054,52283.3061251912,52342.8348526277
"201",2010-01-01,6835.669,2245.069,90.177,236996.333333333,11096.9666666667,9080.738,10069.9047428945,12305.7616317538,42489.7069134453,42277.2605643104,42309.1593888564,42266.7890486498,42532.2745035212,51923.8481822666,51670.0996885049,51736.0495935978,52510.7856444054,52283.3061251912
"202",2010-04-01,6916.911,2247.333,90.317,237506,11298.8,9164.244,10146.7542101708,12510.1586633746,42722.0963267069,42489.7069134453,42277.2605643104,42309.1593888564,42266.7890486498,52673.0215799793,51923.8481822666,51670.0996885049,51736.0495935978,52510.7856444054
"203",2010-07-01,6985.635,2262.696,90.49,238103.666666667,11382,9248.331,10220.2795889049,12578.1854348547,42923.6547760213,42722.0963267069,42489.7069134453,42277.2605643104,42309.1593888564,52826.5087679793,52673.0215799793,51923.8481822666,51670.0996885049,51736.0495935978
"204",2010-10-01,7031.511,2320.351,91.07,238711.333333333,11498.3,9351.862,10268.872296036,12625.7823652136,43017.9503949094,42923.6547760213,42722.0963267069,42489.7069134453,42277.2605643104,52891.4240849348,52826.5087679793,52673.0215799793,51923.8481822666,51670.0996885049
"205",2011-01-01,7089.16,2381.108,91.835,238851.666666667,11711.6,9470.268,10312.2643872162,12752.8719986933,43174.3455305575,43017.9503949094,42923.6547760213,42722.0963267069,42489.7069134453,53392.4346296934,52891.4240849348,52826.5087679793,52673.0215799793,51923.8481822666
"206",2011-04-01,7158.561,2431.554,92.738,239316,11803.3666666667,9590.115,10341.0845608057,12727.6485007944,43211.0036972276,43174.3455305575,43017.9503949094,42923.6547760213,42722.0963267069,53183.4415617608,53392.4346296934,52891.4240849348,52826.5087679793,52673.0215799793
"207",2011-07-01,7227.254,2437.019,93.167,239871,11921.1,9664.273,10373.0644970859,12795.4103920916,43244.3459071162,43211.0036972276,43174.3455305575,43017.9503949094,42923.6547760213,53342.8817659976,53183.4415617608,53392.4346296934,52891.4240849348,52826.5087679793
"208",2011-10-01,7247.97,2448.807,93.475,240431.333333333,11987.4333333333,9696.777,10373.658197379,12824.213247749,43146.0328134394,43244.3459071162,43211.0036972276,43174.3455305575,43017.9503949094,53338.3609779741,53342.8817659976,53183.4415617608,53392.4346296934,52891.4240849348
"209",2012-01-01,7330.585,2490.624,94.094,242436,12252.0666666667,9821.209,10437.6570238272,13021.0923827945,43053.247140801,43146.0328134394,43244.3459071162,43211.0036972276,43174.3455305575,53709.4011730705,53338.3609779741,53342.8817659976,53183.4415617608,53392.4346296934
"210",2012-04-01,7388.679,2482.819,94.321,242968.333333333,12364.2,9871.498,10465.8538395479,13108.639645466,43074.9707007687,43053.247140801,43146.0328134394,43244.3459071162,43211.0036972276,53952.0499055406,53709.4011730705,53338.3609779741,53342.8817659976,53183.4415617608
"211",2012-07-01,7427.587,2490.133,94.595,243564,12301.8333333333,9917.72,10484.4019239918,13004.7395034974,43045.7782102107,43074.9707007687,43053.247140801,43146.0328134394,43244.3459071162,53393.5208138205,53952.0499055406,53709.4011730705,53338.3609779741,53342.8817659976
"212",2012-10-01,7491.645,2510.497,95.126,244169,12715.0666666667,10002.142,10514.6248134054,13366.5524322127,43062.8982934172,43045.7782102107,43074.9707007687,43053.247140801,43146.0328134394,54743.0363076915,53393.5208138205,53952.0499055406,53709.4011730705,53338.3609779741
"213",2013-01-01,7540.949,2546.973,95.459,244828.666666667,12254.0666666667,10087.922,10567.8060738118,12836.9945910461,43164.0878402521,43062.8982934172,43045.7782102107,43074.9707007687,43053.247140801,52432.5634159646,54743.0363076915,53393.5208138205,53952.0499055406,53709.4011730705
"214",2013-04-01,7605.173,2522.891,95.508,245363.333333333,12353.2,10128.064,10604.4142899024,12934.2044645475,43219.2298084572,43164.0878402521,43062.8982934172,43045.7782102107,43074.9707007687,52714.4960448348,52432.5634159646,54743.0363076915,53393.5208138205,53952.0499055406
"215",2013-07-01,7663.083,2553.343,95.901,245961,12447.3,10216.426,10653.0964223522,12979.3224262521,43312.1365677982,43219.2298084572,43164.0878402521,43062.8982934172,43045.7782102107,52769.8392275689,52714.4960448348,52432.5634159646,54743.0363076915,53393.5208138205
"216",2013-10-01,7774.995,2578.384,96.254,246564.333333333,12510.3333333333,10353.379,10756.3103871008,12997.2087740077,43624.7621125283,43312.1365677982,43219.2298084572,43164.0878402521,43062.8982934172,52713.2557993965,52769.8392275689,52714.4960448348,52432.5634159646,54743.0363076915
"217",2014-01-01,7835.68,2602.782,96.696,247086,12714.4,10438.462,10795.1332009597,13148.8375941094,43689.7808898914,43624.7621125283,43312.1365677982,43219.2298084572,43164.0878402521,53215.6317804707,52713.2557993965,52769.8392275689,52714.4960448348,52432.5634159646
"218",2014-04-01,7924.597,2641.621,97.129,247625,12931.8666666667,10566.218,10878.5409095121,13314.1149056066,43931.5130116591,43689.7808898914,43624.7621125283,43312.1365677982,43219.2298084572,53767.2484830152,53215.6317804707,52713.2557993965,52769.8392275689,52714.4960448348
"219",2014-07-01,8037.877,2660.652,97.394,248232.666666667,13089.1333333333,10698.529,10984.7926977021,13439.3631366751,44252.002950332,43931.5130116591,43689.7808898914,43624.7621125283,43312.1365677982,54140.1875794285,53767.2484830152,53215.6317804707,52713.2557993965,52769.8392275689
"220",2014-10-01,8153.339,2652.212,97.265,248842.666666667,13258.2,10805.551,11109.3928956973,13631.0080707346,44644.2446727945,44252.002950332,43931.5130116591,43689.7808898914,43624.7621125283,54777.6161271965,54140.1875794285,53767.2484830152,53215.6317804707,52713.2557993965
"221",2015-01-01,8222.973,2605.746,96.829,249900.666666667,13380.5333333333,10828.719,11183.3428001942,13818.7251064592,44751.1523253006,44644.2446727945,44252.002950332,43931.5130116591,43689.7808898914,55296.8717161985,54777.6161271965,54140.1875794285,53767.2484830152,53215.6317804707
"222",2015-04-01,8305.21,2641.163,97.312,250461.333333333,13487.8666666667,10946.373,11248.7391072016,13860.4351638715,44912.0786729618,44751.1523253006,44644.2446727945,44252.002950332,43931.5130116591,55339.6206089225,55296.8717161985,54777.6161271965,54140.1875794285,53767.2484830152
"223",2015-07-01,8388.898,2666.696,97.565,251099,13598.2666666667,11055.594,11331.5164249475,13937.6484053366,45127.6843991711,44912.0786729618,44751.1523253006,44644.2446727945,44252.002950332,55506.5866663611,55339.6206089225,55296.8717161985,54777.6161271965,54140.1875794285
"224",2015-10-01,8452.151,2643.739,97.49,251741.333333333,13664.8,11095.89,11381.56734024,14016.6170889322,45211.3571876954,45127.6843991711,44912.0786729618,44751.1523253006,44644.2446727945,55678.6480127705,55506.5866663611,55339.6206089225,55296.8717161985,54777.6161271965
"225",2016-01-01,8551.628,2632.874,97.538,252580.666666667,13782.3333333333,11184.502,11466.814984929,14130.2193333197,45398.6250660342,45211.3571876954,45127.6843991711,44912.0786729618,44751.1523253006,55943.3923419304,55678.6480127705,55506.5866663611,55339.6206089225,55296.8717161985
"226",2016-04-01,8641.3,2677.922,98.157,253180,13841.8,11319.222,11531.7521929154,14101.6942245586,45547.6427558079,45398.6250660342,45211.3571876954,45127.6843991711,44912.0786729618,55698.2945910365,55943.3923419304,55678.6480127705,55506.5866663611,55339.6206089225
"227",2016-07-01,8746.357,2684.449,98.496,253855,13968.1,11430.806,11605.3504710851,14181.3880766732,45716.4541611752,45547.6427558079,45398.6250660342,45211.3571876954,45127.6843991711,55864.1274612403,55698.2945910365,55943.3923419304,55678.6480127705,55506.5866663611
"228",2016-10-01,8835.966,2710.918,98.947,254534.333333333,14123.3,11546.884,11669.7666427481,14273.6010187272,45847.5149105548,45716.4541611752,45547.6427558079,45398.6250660342,45211.3571876954,56077.311189429,55864.1274612403,55698.2945910365,55943.3923419304,55678.6480127705
"229",2017-01-01,8952.433,2759.784,99.524,254247.333333333,14353.0333333333,11712.217,11768.233792854,14421.6805326688,46286.5574185792,45847.5149105548,45716.4541611752,45547.6427558079,45398.6250660342,56723.0355716697,56077.311189429,55864.1274612403,55698.2945910365,55943.3923419304
"230",2017-04-01,9025.712,2768.626,99.724,254770.666666667,14538.7666666667,11794.338,11826.9804660864,14579.004719693,46422.0650706246,46286.5574185792,45847.5149105548,45716.4541611752,45547.6427558079,57224.0317554599,56723.0355716697,56077.311189429,55864.1274612403,55698.2945910365
"231",2017-07-01,9109.036,2798.223,100.076,255356.666666667,14692.1,11907.259,11898.2163555698,14680.9424837124,46594.500589645,46422.0650706246,46286.5574185792,45847.5149105548,45716.4541611752,57491.90994444,57224.0317554599,56723.0355716697,56077.311189429,55864.1274612403
"232",2017-10-01,9226.464,2858.582,100.676,255941.333333333,14871.7666666667,12085.046,12003.8996384441,14771.9085647688,46900.9811041754,46594.500589645,46422.0650706246,46286.5574185792,45847.5149105548,57715.9944131813,57491.90994444,57224.0317554599,56723.0355716697,56077.311189429
"233",2018-01-01,9357.152,2904.59,101.38,256937,15133.0666666667,12261.742,12094.8333004537,14927.0730584599,47073.1475048504,46900.9811041754,46594.500589645,46422.0650706246,46286.5574185792,58096.2378266264,57715.9944131813,57491.90994444,57224.0317554599,56723.0355716697
"234",2018-04-01,9481.404,2921.762,101.912,257456,15349.0333333333,12403.166,12170.4666771332,15061.0657560771,47272.025810753,47073.1475048504,46900.9811041754,46594.500589645,46422.0650706246,58499.5717950917,58096.2378266264,57715.9944131813,57491.90994444,57224.0317554599
"235",2018-07-01,9579.748,2930.836,102.254,258066.333333333,15563.0666666667,12510.584,12234.8113521231,15220.0076932606,47409.5601471578,47272.025810753,47073.1475048504,46900.9811041754,46594.500589645,58977.1145142033,58499.5717950917,58096.2378266264,57715.9944131813,57491.90994444
"236",2018-10-01,9662.631,2944.32,102.642,258703.333333333,15770.9666666667,12606.951,12282.4487052084,15365.0227652098,47476.963466036,47409.5601471578,47272.025810753,47073.1475048504,46900.9811041754,59392.4421739566,58977.1145142033,58499.5717950917,58096.2378266264,57715.9944131813
"237",2019-01-01,9719.455,2946.584,102.877,258389.333333333,15988.2666666667,12666.039,12311.8277165936,15541.1478432173,47648.3590006048,47476.963466036,47409.5601471578,47272.025810753,47073.1475048504,60146.2438202453,59392.4421739566,58977.1145142033,58499.5717950917,58096.2378266264
"238",2019-04-01,9816.047,3006.352,103.422,258863.666666667,16061.0666666667,12822.399,12398.1348262459,15529.6423069237,47894.4572867025,47648.3590006048,47476.963466036,47409.5601471578,47272.025810753,59991.587490418,60146.2438202453,59392.4421739566,58977.1145142033,58499.5717950917
"239",2019-07-01,9947.492,3029.263,103.674,259431.666666667,16210.9666666667,12976.755,12516.884657677,15636.4823067179,48247.3277780673,47894.4572867025,47648.3590006048,47476.963466036,47409.5601471578,60272.0651168947,59991.587490418,60146.2438202453,59392.4421739566,58977.1145142033
"240",2019-10-01,10070.807,3043.63,104.08,260015.333333333,16367.6,13114.437,12600.3430053805,15725.9800153728,48459.9998155768,48247.3277780673,47894.4572867025,47648.3590006048,47476.963466036,60480.9716941288,60272.0651168947,59991.587490418,60146.2438202453,59392.4421739566
"241",2020-01-01,9913.641,3079.696,104.416,259629.333333333,16518.9333333333,12993.337,12443.8179972418,15820.3085095515,47929.1682394971,48459.9998155768,48247.3277780673,47894.4572867025,47648.3590006048,60934.2107320367,60480.9716941288,60272.0651168947,59991.587490418,60146.2438202453
"242",2020-04-01,8777.092,2924.254,103.962,260049,18071.0666666667,11701.346,11255.4067832477,17382.3768941216,43281.8691217722,47929.1682394971,48459.9998155768,48247.3277780673,47894.4572867025,66842.6984688331,60934.2107320367,60480.9716941288,60272.0651168947,59991.587490418
"243",2020-07-01,9532.843,3157.37,104.819,260557.666666667,17580.2,12690.213,12106.7869374827,16771.9592821912,46464.9038823755,43281.8691217722,47929.1682394971,48459.9998155768,48247.3277780673,64369.4714369994,66842.6984688331,60934.2107320367,60480.9716941288,60272.0651168947
"244",2020-10-01,9748.847,3175.599,105.343,261080,17319.9666666667,12924.446,12268.9177259049,16441.4974575118,46992.9436414314,46464.9038823755,43281.8691217722,47929.1682394971,48459.9998155768,62974.940468484,64369.4714369994,66842.6984688331,60934.2107320367,60480.9716941288
"245",2021-01-01,9976.223,3317.149,106.578,260924,19584.6,13293.372,12472.9043517424,18375.8374148511,47802.8251588293,46992.9436414314,46464.9038823755,43281.8691217722,47929.1682394971,70426.0145285643,62974.940468484,64369.4714369994,66842.6984688331,60934.2107320367
"246",2021-04-01,10414.486,3477.974,108.208,261217,18342.1333333333,13892.46,12838.66257578,16950.8107841688,49149.4143787731,47802.8251588293,46992.9436414314,46464.9038823755,43281.8691217722,64891.6830993724,70426.0145285643,62974.940468484,64369.4714369994,66842.6984688331
"247",2021-07-01,10769.23,3543.16,109.705,261615.333333333,18348.5,14312.39,13046.2513103323,16725.3087826444,49868.0682974708,49149.4143787731,47802.8251588293,46992.9436414314,46464.9038823755,63930.9193751807,64891.6830993724,70426.0145285643,62974.940468484,64369.4714369994
"248",2021-10-01,10985.406,3662.608,111.514,262024.333333333,18382.4333333333,14648.014,13135.5829761286,16484.4175021373,50131.1569388411,49868.0682974708,49149.4143787731,47802.8251588293,46992.9436414314,62911.781102279,63930.9193751807,64891.6830993724,70426.0145285643,62974.940468484
"249",2022-01-01,11151.379,3758.54,113.59,263323.333333333,18247.7333333333,14909.919,13126.0841623382,16064.5596736802,49847.7821778228,50131.1569388411,49868.0682974708,49149.4143787731,47802.8251588293,61006.9737091796,62911.781102279,63930.9193751807,64891.6830993724,70426.0145285643
"250",2022-04-01,11400.671,3891.535,115.577,263691,18501.9333333333,15292.206,13231.1844052017,16008.3176871984,50176.8524720287,49847.7821778228,50131.1569388411,49868.0682974708,49149.4143787731,60708.6236815001,61006.9737091796,62911.781102279,63930.9193751807,64891.6830993724
"251",2022-07-01,11637.377,3903.685,116.905,264184,18881.7,15541.062,13293.7530473461,16151.3194474146,50320.0536268136,50176.8524720287,49847.7821778228,50131.1569388411,49868.0682974708,61136.6299526639,60708.6236815001,61006.9737091796,62911.781102279,63930.9193751807
"252",2022-10-01,11869.394,3918.634,118.098,264695.666666667,19178.4,15788.028,13368.5820250978,16239.39440126,50505.4812322748,50320.0536268136,50176.8524720287,49847.7821778228,50131.1569388411,61351.1909951679,61136.6299526639,60708.6236815001,61006.9737091796,62911.781102279
"253",2023-01-01,12135.73,3938.98,119.309,266115.333333333,19880.2,16074.71,13473.1746976339,16662.783193221,50629.0807405581,50505.4812322748,50320.0536268136,50176.8524720287,49847.7821778228,62614.8932664069,61351.1909951679,61136.6299526639,60708.6236815001,61006.9737091796
"254",2023-04-01,12274.35,3951.071,120.044,266620.666666667,20164.1666666667,16225.421,13516.2282163207,16797.3132073795,50694.6006298112,50629.0807405581,50505.4812322748,50320.0536268136,50176.8524720287,63000.7921643215,62614.8932664069,61351.1909951679,61136.6299526639,60708.6236815001
"255",2023-07-01,12447.732,4027.279,120.814,267214.333333333,20320.3666666667,16475.011,13636.6737298657,16819.5462998218,51032.7180423171,50694.6006298112,50629.0807405581,50505.4812322748,50320.0536268136,62944.0273282063,63000.7921643215,62614.8932664069,61351.1909951679,61136.6299526639
"256",2023-10-01,12658.828,4053.481,121.351,267818.333333333,20455.0333333333,16712.309,13771.8757983041,16856.0896353004,51422.4535224901,51032.7180423171,50694.6006298112,50629.0807405581,50505.4812322748,62938.52039741,62944.0273282063,63000.7921643215,62614.8932664069,61351.1909951679
"257",2024-01-01,12930.839,4037.06,122.371,267711.666666667,20695.2,16967.899,13865.9478144332,16911.8500298273,51794.3352528522,51422.4535224901,51032.7180423171,50694.6006298112,50629.0807405581,63171.8827961451,62938.52039741,62944.0273282063,63000.7921643215,62614.8932664069
"258",2024-04-01,13131.63,4081.741,123.134,268250.666666667,20878.2333333333,17213.371,13979.3809995615,16955.7013768198,52113.1267753101,51794.3352528522,51422.4535224901,51032.7180423171,50694.6006298112,63208.422135589,63171.8827961451,62938.52039741,62944.0273282063,63000.7921643215
